date,sessions,users,pageviews,bounce_rate,pagePath,source,medium,deviceCategory,eventCount,activeUsers,avgSessionDuration
2025-01-01,1049,769,2828,0.36,/product,facebook,referral,tablet,484,870,124
2025-01-02,1142,1051,2932,0.38,/contact,bing,(none),mobile,305,992,137
2025-01-03,1259,970,3436,0.26,/about,google,social,tablet,505,890,113
2025-01-04,1237,939,3336,0.36,/contact,direct,referral,mobile,331,1025,107
2025-01-05,888,690,2522,0.28,/blog,facebook,organic,mobile,398,908,190
2025-01-06,781,690,2545,0.38,/about,direct,cpc,desktop,693,786,153
2025-01-07,1003,774,1984,0.37,/home,direct,(none),mobile,686,681,101
2025-01-08,1080,1014,2952,0.33,/contact,twitter,organic,mobile,555,883,180
2025-01-09,1111,1029,2776,0.36,/blog,twitter,(none),desktop,486,908,177
2025-01-10,1248,1128,2988,0.3,/home,facebook,social,tablet,375,1177,188
2025-01-11,1035,818,3188,0.32,/home,bing,cpc,tablet,476,935,155
2025-01-12,861,886,2296,0.37,/home,facebook,cpc,mobile,614,993,193
2025-01-13,827,729,2225,0.32,/home,bing,social,tablet,586,875,192
2025-01-14,656,917,2136,0.3,/about,direct,cpc,mobile,648,681,183
2025-01-15,834,796,2383,0.32,/about,google,referral,desktop,554,802,184
2025-01-16,1104,933,2946,0.37,/about,facebook,(none),desktop,624,1052,160
2025-01-17,1091,926,3633,0.3,/blog,facebook,organic,mobile,489,960,121
2025-01-18,1110,772,3143,0.28,/blog,bing,social,desktop,607,928,134
2025-01-19,814,717,3141,0.36,/blog,direct,referral,desktop,644,761,115
2025-01-20,661,609,1639,0.37,/product,direct,organic,mobile,426,841,149
2025-01-21,996,736,1905,0.27,/blog,bing,organic,mobile,586,757,142
2025-01-22,987,840,2334,0.29,/about,direct,social,desktop,553,919,116
2025-01-23,1169,1102,2874,0.27,/about,twitter,referral,tablet,512,952,179
2025-01-24,1049,1124,3136,0.3,/product,google,organic,tablet,549,1142,157
2025-01-25,1021,823,2749,0.32,/product,facebook,organic,mobile,383,873,101
2025-01-26,913,698,1885,0.36,/blog,google,referral,mobile,682,805,103
2025-01-27,687,702,1900,0.35,/contact,facebook,cpc,tablet,687,629,184
2025-01-28,889,604,2284,0.34,/product,twitter,organic,desktop,312,652,138
2025-01-29,953,992,2293,0.3,/home,direct,(none),tablet,344,852,197
2025-01-30,1135,1071,2593,0.38,/about,bing,referral,tablet,426,1035,193
2025-01-31,1130,997,2021,0.32,/home,twitter,organic,tablet,413,1023,105
2025-02-01,1257,747,2905,0.4,/about,google,social,tablet,575,981,180
2025-02-02,897,886,2034,0.35,/about,bing,(none),mobile,504,805,188
2025-02-03,696,670,2358,0.27,/product,direct,organic,mobile,636,668,168
2025-02-04,936,847,1938,0.35,/product,twitter,(none),desktop,684,902,168
2025-02-05,895,766,2808,0.3,/home,bing,(none),desktop,698,946,119
2025-02-06,1187,966,2784,0.35,/about,twitter,cpc,desktop,572,996,163
2025-02-07,994,978,3014,0.26,/home,twitter,(none),desktop,357,1123,115
2025-02-08,936,862,2512,0.28,/contact,direct,cpc,tablet,627,902,150
2025-02-09,916,703,1987,0.38,/home,facebook,referral,mobile,518,556,136
2025-02-10,875,742,1793,0.28,/blog,bing,cpc,mobile,408,714,172
2025-02-11,874,604,1946,0.38,/home,direct,social,desktop,578,830,168
2025-02-12,1009,855,3202,0.29,/blog,twitter,organic,desktop,473,812,141
2025-02-13,1138,1015,2823,0.35,/blog,direct,referral,tablet,627,1143,156
2025-02-14,1041,1033,2484,0.35,/blog,facebook,referral,tablet,563,1018,165
2025-02-15,994,997,2077,0.33,/contact,bing,social,desktop,614,956,108
2025-02-16,847,633,2747,0.3,/home,facebook,cpc,mobile,410,779,199
2025-02-17,906,523,1772,0.28,/home,google,organic,mobile,486,788,185
2025-02-18,893,861,1922,0.25,/contact,bing,cpc,mobile,568,752,163
2025-02-19,847,898,2674,0.3,/about,facebook,(none),desktop,528,1017,185
2025-02-20,1202,951,2750,0.35,/product,twitter,cpc,mobile,455,1153,121
2025-02-21,1149,1132,2854,0.39,/home,bing,referral,tablet,488,1021,133
2025-02-22,995,886,1781,0.38,/product,bing,organic,tablet,571,860,154
2025-02-23,951,889,2390,0.36,/contact,direct,cpc,desktop,674,819,128
2025-02-24,903,710,1901,0.37,/about,twitter,organic,tablet,301,658,137
2025-02-25,955,928,2363,0.35,/about,google,organic,desktop,545,789,196
2025-02-26,943,995,2694,0.29,/about,facebook,(none),mobile,509,1072,117
2025-02-27,1141,985,2376,0.39,/contact,direct,(none),mobile,585,1063,170
2025-02-28,1219,1073,3762,0.35,/blog,facebook,referral,mobile,658,1024,164
2025-03-01,1157,909,2617,0.33,/blog,google,social,tablet,312,881,196
2025-03-02,839,913,2289,0.27,/product,google,organic,desktop,395,989,100
2025-03-03,781,572,2174,0.32,/blog,bing,social,mobile,520,691,187
2025-03-04,753,835,1844,0.32,/blog,google,referral,desktop,537,661,103
2025-03-05,911,960,2591,0.38,/about,facebook,organic,mobile,393,764,103
2025-03-06,1255,816,2650,0.33,/about,twitter,organic,tablet,637,995,181
2025-03-07,1321,911,3404,0.31,/product,twitter,social,tablet,568,1100,126
2025-03-08,1049,756,2737,0.4,/home,bing,cpc,desktop,470,1091,142
2025-03-09,985,749,2145,0.27,/product,facebook,(none),tablet,393,901,158
2025-03-10,836,767,2023,0.31,/product,facebook,cpc,tablet,448,740,131
2025-03-11,802,880,2131,0.26,/contact,google,social,desktop,411,754,132
2025-03-12,1070,905,2114,0.36,/contact,facebook,(none),mobile,354,925,127
2025-03-13,1329,1184,2912,0.39,/product,direct,cpc,tablet,636,856,154
2025-03-14,1180,862,3085,0.29,/product,google,(none),desktop,415,1270,199
2025-03-15,1209,749,2867,0.38,/product,direct,organic,tablet,442,1032,159
2025-03-16,619,720,2621,0.29,/blog,bing,cpc,tablet,500,827,169
2025-03-17,882,753,2328,0.39,/contact,twitter,(none),tablet,479,653,161
2025-03-18,878,774,2029,0.36,/product,bing,(none),tablet,501,857,179
2025-03-19,1007,668,2477,0.37,/about,twitter,(none),desktop,663,871,133
2025-03-20,1186,1017,2520,0.25,/about,bing,cpc,desktop,352,992,186
2025-03-21,983,939,3523,0.39,/blog,facebook,referral,desktop,683,1021,187
2025-03-22,1027,913,2691,0.36,/blog,direct,cpc,tablet,479,892,155
2025-03-23,914,784,1883,0.3,/home,twitter,social,tablet,612,681,112
2025-03-24,947,629,2266,0.37,/home,google,cpc,tablet,607,658,155
2025-03-25,820,659,2299,0.29,/home,direct,(none),desktop,436,690,117
2025-03-26,960,813,2926,0.38,/blog,google,organic,tablet,481,864,153
2025-03-27,1128,972,3138,0.27,/blog,direct,cpc,mobile,666,1035,176
2025-03-28,1272,1139,2617,0.36,/blog,direct,cpc,tablet,300,888,142
2025-03-29,1079,850,3006,0.33,/about,bing,(none),mobile,343,927,138
2025-03-30,823,829,2011,0.26,/blog,twitter,organic,tablet,526,837,160
2025-03-31,851,633,2276,0.29,/about,twitter,organic,desktop,630,835,141
2025-04-01,884,705,2425,0.25,/home,direct,social,tablet,397,696,180
2025-04-02,1141,914,3025,0.32,/home,facebook,cpc,mobile,507,1079,178
2025-04-03,1110,895,3099,0.3,/home,facebook,organic,mobile,564,847,117
2025-04-04,1146,992,2805,0.34,/product,google,organic,tablet,587,1279,122
2025-04-05,1003,742,2119,0.29,/product,google,referral,mobile,570,1017,153
2025-04-06,727,920,3484,0.29,/contact,bing,referral,mobile,439,699,129
2025-04-07,829,661,2094,0.36,/contact,direct,organic,desktop,536,764,197
2025-04-08,903,655,1875,0.26,/contact,google,social,tablet,691,642,157
2025-04-09,1048,863,2065,0.39,/product,google,organic,tablet,371,957,167
2025-04-10,1158,1018,2656,0.38,/product,direct,(none),tablet,454,1002,166
2025-04-11,1036,964,3287,0.35,/contact,bing,cpc,mobile,489,966,170
2025-04-12,997,960,2746,0.34,/contact,google,social,tablet,567,921,117
2025-04-13,836,763,2165,0.38,/blog,bing,(none),tablet,620,727,106
2025-04-14,719,621,1963,0.28,/contact,twitter,social,desktop,406,626,139
2025-04-15,864,702,2656,0.26,/blog,bing,(none),desktop,531,726,169
2025-04-16,1091,899,2622,0.29,/about,facebook,cpc,desktop,341,847,185
2025-04-17,1371,792,3000,0.37,/product,facebook,cpc,mobile,489,1119,164
2025-04-18,1194,884,3566,0.26,/contact,bing,referral,tablet,670,995,167
2025-04-19,1062,1042,2840,0.34,/product,facebook,(none),desktop,438,864,148
2025-04-20,861,890,2066,0.4,/product,twitter,referral,desktop,402,879,151
2025-04-21,608,638,1937,0.38,/product,direct,(none),desktop,470,752,128
2025-04-22,880,754,2392,0.33,/about,facebook,referral,tablet,650,879,120
2025-04-23,1060,962,3086,0.26,/home,facebook,cpc,tablet,572,1059,189
2025-04-24,1430,1197,3241,0.37,/contact,bing,social,tablet,520,1256,177
2025-04-25,1155,1142,2946,0.34,/home,twitter,referral,mobile,512,987,108
2025-04-26,1063,870,2375,0.27,/home,direct,(none),mobile,640,771,146
2025-04-27,862,688,1863,0.26,/home,bing,(none),desktop,355,831,175
2025-04-28,683,562,1936,0.39,/product,bing,cpc,tablet,689,643,141
2025-04-29,1000,815,1817,0.35,/blog,twitter,(none),desktop,641,729,150
2025-04-30,1133,820,2965,0.37,/product,direct,organic,tablet,401,947,155
2025-05-01,1265,915,3848,0.38,/product,twitter,social,tablet,491,1148,150
2025-05-02,1082,931,2409,0.34,/home,direct,referral,tablet,609,933,169
2025-05-03,1169,781,2554,0.33,/product,twitter,social,mobile,499,1004,119
2025-05-04,723,890,2819,0.31,/home,bing,cpc,mobile,532,722,187
2025-05-05,859,788,1889,0.3,/blog,bing,referral,tablet,526,728,126
2025-05-06,1107,797,2361,0.32,/contact,google,referral,desktop,670,848,137
2025-05-07,962,1060,2439,0.37,/home,facebook,organic,tablet,438,915,171
2025-05-08,1130,1005,2861,0.34,/blog,twitter,cpc,tablet,643,926,164
2025-05-09,1181,914,2792,0.38,/contact,google,(none),desktop,604,1152,153
2025-05-10,975,1029,2551,0.32,/about,facebook,organic,tablet,448,873,123
2025-05-11,705,753,2597,0.34,/home,twitter,organic,desktop,414,800,146
2025-05-12,807,565,2208,0.34,/home,direct,social,mobile,362,616,170
2025-05-13,785,729,2046,0.34,/about,facebook,social,mobile,403,725,182
2025-05-14,1111,809,2866,0.36,/about,bing,social,desktop,638,1092,185
2025-05-15,1096,871,2443,0.29,/home,google,organic,mobile,658,1040,162
2025-05-16,1324,1039,2929,0.33,/about,facebook,(none),mobile,455,1039,156
2025-05-17,944,975,1970,0.27,/product,facebook,referral,desktop,572,959,154
2025-05-18,826,576,2052,0.31,/contact,bing,social,mobile,305,681,159
2025-05-19,882,770,1687,0.32,/contact,twitter,(none),tablet,446,700,198
2025-05-20,771,699,2443,0.35,/contact,direct,cpc,tablet,483,808,161
2025-05-21,1090,854,1960,0.39,/product,bing,social,desktop,327,912,129
2025-05-22,1320,981,2672,0.34,/about,direct,referral,mobile,337,973,192
2025-05-23,1007,888,2987,0.36,/blog,twitter,cpc,tablet,418,1084,121
2025-05-24,1037,916,2873,0.33,/about,facebook,cpc,tablet,592,932,174
2025-05-25,881,679,2067,0.35,/home,direct,referral,mobile,670,735,183
2025-05-26,879,670,1791,0.26,/contact,google,social,mobile,543,659,128
2025-05-27,773,751,2739,0.29,/about,google,organic,tablet,367,795,140
2025-05-28,938,929,3533,0.3,/blog,bing,referral,tablet,513,895,141
2025-05-29,1242,983,2504,0.32,/home,twitter,referral,desktop,517,995,197
2025-05-30,1195,938,2625,0.26,/product,bing,referral,desktop,476,1018,164
2025-05-31,1040,939,2464,0.27,/product,bing,cpc,tablet,598,1037,130
2025-06-01,888,738,2604,0.29,/blog,bing,(none),desktop,463,712,129
2025-06-02,734,633,1516,0.4,/home,google,organic,tablet,357,815,117
2025-06-03,923,749,2353,0.3,/contact,google,social,tablet,568,1037,116
2025-06-04,1103,1027,2257,0.32,/about,bing,social,desktop,607,856,137
2025-06-05,1120,886,2901,0.28,/home,google,(none),desktop,357,1070,113
2025-06-06,1350,1048,2738,0.34,/product,twitter,referral,mobile,587,1174,186
2025-06-07,1059,805,2147,0.29,/blog,bing,organic,mobile,404,920,188
2025-06-08,732,747,2689,0.28,/blog,google,social,mobile,527,754,178
2025-06-09,868,594,2312,0.33,/about,direct,social,tablet,546,587,155
2025-06-10,806,594,2006,0.25,/blog,bing,referral,desktop,487,757,121
2025-06-11,1156,748,2927,0.25,/blog,bing,(none),tablet,382,985,166
2025-06-12,1308,1051,2989,0.28,/home,twitter,organic,desktop,485,1293,155
2025-06-13,1079,992,3075,0.26,/contact,facebook,(none),tablet,551,985,118
2025-06-14,1105,740,2577,0.27,/about,facebook,(none),mobile,654,753,156
2025-06-15,890,818,2420,0.3,/home,twitter,organic,mobile,537,624,143
2025-06-16,885,566,2244,0.37,/contact,twitter,organic,mobile,659,752,197
2025-06-17,1096,803,1842,0.34,/home,twitter,social,tablet,483,876,134
2025-06-18,1055,862,2806,0.33,/home,facebook,social,desktop,583,1052,100
2025-06-19,1118,922,2735,0.29,/blog,twitter,organic,desktop,684,1076,151
2025-06-20,1071,977,2611,0.39,/contact,google,cpc,mobile,509,1138,184
2025-06-21,923,805,1942,0.31,/about,bing,social,mobile,603,832,192
2025-06-22,839,702,1530,0.26,/about,bing,cpc,mobile,595,798,169
2025-06-23,838,737,2349,0.34,/contact,direct,organic,mobile,396,657,136
2025-06-24,937,751,2873,0.27,/blog,direct,social,desktop,507,758,164
2025-06-25,1166,959,3237,0.3,/product,bing,(none),tablet,669,866,150
2025-06-26,1195,889,2854,0.33,/home,google,organic,tablet,687,998,100
2025-06-27,1303,1033,2438,0.38,/blog,facebook,referral,tablet,436,996,190
2025-06-28,975,984,2122,0.32,/contact,facebook,cpc,tablet,666,875,120
2025-06-29,1116,512,1929,0.36,/home,google,organic,mobile,699,709,152
2025-06-30,867,586,1722,0.4,/about,facebook,organic,mobile,483,721,115
2025-07-01,827,861,2021,0.27,/product,twitter,social,mobile,375,955,160
2025-07-02,979,881,2823,0.29,/about,bing,social,tablet,586,1079,153
2025-07-03,1243,1001,3162,0.31,/contact,bing,social,mobile,674,1096,139
2025-07-04,1133,973,3205,0.31,/home,google,referral,mobile,441,901,125
2025-07-05,1069,901,2712,0.31,/contact,facebook,social,desktop,536,879,179
2025-07-06,889,732,2880,0.39,/home,direct,organic,desktop,324,715,191
2025-07-07,798,812,2108,0.36,/blog,direct,social,mobile,589,665,164
2025-07-08,831,814,2077,0.34,/product,facebook,(none),desktop,366,819,199
2025-07-09,938,960,2889,0.3,/blog,direct,social,desktop,549,845,173
2025-07-10,1151,933,3462,0.37,/blog,google,referral,mobile,417,1203,163
2025-07-11,1239,928,2473,0.39,/contact,google,(none),mobile,372,1161,142
2025-07-12,1016,796,2688,0.37,/product,facebook,organic,mobile,581,970,116
2025-07-13,715,726,2495,0.25,/home,direct,organic,mobile,659,760,158
2025-07-14,823,666,1854,0.35,/home,google,cpc,tablet,309,817,122
2025-07-15,957,805,2466,0.26,/about,google,(none),tablet,510,865,106
2025-07-16,1004,1050,2957,0.29,/home,twitter,cpc,mobile,622,1062,143
2025-07-17,1211,1055,2330,0.26,/contact,twitter,(none),desktop,451,1031,152
2025-07-18,1157,971,2991,0.34,/blog,google,(none),mobile,304,1154,170
2025-07-19,877,897,2244,0.35,/blog,facebook,referral,mobile,494,1029,178
2025-07-20,874,705,1642,0.27,/blog,bing,cpc,desktop,582,790,133
2025-07-21,863,512,1786,0.31,/product,bing,referral,tablet,412,833,145
2025-07-22,1030,696,2822,0.32,/home,google,(none),mobile,570,800,167
2025-07-23,1201,780,2331,0.31,/contact,google,organic,mobile,462,890,177
2025-07-24,1059,1025,3216,0.27,/product,google,(none),tablet,404,1053,177
2025-07-25,1055,960,2512,0.31,/about,facebook,referral,tablet,480,1066,115
2025-07-26,1039,1003,3440,0.36,/contact,twitter,cpc,desktop,343,840,170
2025-07-27,887,744,1702,0.26,/contact,google,cpc,tablet,581,883,195
2025-07-28,859,650,2021,0.26,/contact,google,referral,tablet,474,764,118
2025-07-29,1310,895,2433,0.3,/blog,direct,cpc,tablet,461,877,101
2025-07-30,1156,772,3754,0.39,/contact,facebook,social,desktop,650,968,109
2025-07-31,1311,1057,2347,0.35,/home,google,organic,tablet,639,1094,149
2025-08-01,1242,1083,3360,0.35,/contact,direct,organic,tablet,439,1078,180
2025-08-02,1049,742,2239,0.3,/blog,bing,organic,desktop,431,976,111
2025-08-03,802,826,1983,0.34,/contact,google,cpc,tablet,386,697,169
2025-08-04,885,745,1823,0.25,/about,google,cpc,tablet,475,879,121
2025-08-05,851,771,2186,0.35,/about,direct,(none),desktop,482,979,131
2025-08-06,1078,1011,3449,0.39,/blog,facebook,(none),mobile,667,1043,183
2025-08-07,1149,1228,2607,0.34,/home,google,organic,desktop,428,979,100
2025-08-08,1152,1017,2853,0.38,/home,bing,social,tablet,545,939,153
2025-08-09,1212,820,3076,0.36,/product,google,(none),tablet,388,854,157
2025-08-10,645,698,1835,0.27,/blog,bing,(none),tablet,365,714,169
2025-08-11,878,643,1817,0.39,/contact,twitter,cpc,desktop,457,735,182
2025-08-12,770,814,2431,0.26,/blog,twitter,social,tablet,686,926,117
2025-08-13,1057,899,2447,0.33,/product,bing,organic,tablet,677,1064,105
2025-08-14,1307,980,3085,0.27,/blog,facebook,(none),desktop,448,1135,144
2025-08-15,1148,912,2652,0.25,/blog,google,social,mobile,639,952,196
2025-08-16,870,896,2325,0.31,/product,google,social,mobile,415,896,122
2025-08-17,758,705,1920,0.29,/home,twitter,organic,tablet,513,792,122
2025-08-18,879,807,1896,0.32,/contact,bing,social,desktop,671,526,125
2025-08-19,862,780,2203,0.34,/product,google,social,tablet,593,853,176
2025-08-20,1129,919,2384,0.26,/about,google,social,desktop,552,1002,106
2025-08-21,1203,881,2329,0.27,/home,facebook,(none),desktop,442,1093,178
2025-08-22,1074,907,3475,0.33,/about,direct,organic,mobile,549,897,143
2025-08-23,1188,872,1944,0.3,/home,twitter,social,mobile,665,737,126
2025-08-24,892,812,1721,0.36,/contact,twitter,social,desktop,601,834,125
2025-08-25,610,621,2080,0.35,/contact,direct,(none),tablet,324,530,196
2025-08-26,957,846,2250,0.38,/blog,google,organic,mobile,576,933,178
2025-08-27,1044,1076,2873,0.35,/about,facebook,cpc,tablet,676,1010,135
2025-08-28,1284,1059,2483,0.31,/home,facebook,(none),mobile,677,1200,154
2025-08-29,1057,1163,2673,0.35,/contact,twitter,organic,mobile,688,967,163
2025-08-30,959,724,2117,0.29,/product,facebook,social,tablet,369,791,190
2025-08-31,877,615,1918,0.3,/contact,direct,organic,mobile,412,528,156
2025-09-01,900,543,2397,0.37,/product,google,organic,mobile,662,674,168
2025-09-02,821,978,2113,0.32,/home,direct,organic,tablet,411,870,160
2025-09-03,1080,983,3356,0.37,/contact,bing,cpc,mobile,663,836,101
2025-09-04,1152,1030,2609,0.37,/contact,twitter,organic,mobile,602,1079,154
2025-09-05,1069,1038,2373,0.38,/home,facebook,cpc,mobile,390,803,196
2025-09-06,1144,692,3007,0.39,/contact,bing,social,tablet,317,836,179
2025-09-07,865,956,2062,0.31,/product,facebook,cpc,desktop,448,834,186
2025-09-08,689,719,2102,0.3,/contact,google,social,tablet,526,761,137
2025-09-09,1036,771,3312,0.34,/about,google,social,desktop,513,961,179
2025-09-10,1328,986,2882,0.31,/blog,google,cpc,mobile,659,1033,177
2025-09-11,1303,1086,3323,0.34,/product,facebook,(none),desktop,450,1178,128
2025-09-12,979,931,2119,0.36,/about,bing,referral,tablet,491,902,125
2025-09-13,915,759,2484,0.35,/home,google,organic,tablet,339,768,134
2025-09-14,950,726,1654,0.31,/product,bing,referral,mobile,541,812,178
2025-09-15,745,866,2251,0.28,/blog,facebook,organic,desktop,437,588,166
2025-09-16,992,871,3299,0.31,/blog,bing,organic,mobile,644,909,186
2025-09-17,1196,1134,2456,0.27,/home,facebook,social,mobile,479,1002,128
2025-09-18,1107,1030,3533,0.38,/home,facebook,organic,tablet,499,1181,133
2025-09-19,1123,924,2215,0.3,/product,twitter,organic,desktop,502,1035,196
2025-09-20,636,829,2327,0.27,/contact,facebook,cpc,desktop,360,932,140
2025-09-21,719,672,1678,0.25,/home,facebook,referral,desktop,491,657,140
2025-09-22,792,812,2452,0.35,/contact,direct,cpc,desktop,304,843,122
2025-09-23,826,627,2685,0.35,/about,google,organic,mobile,677,975,170
2025-09-24,1285,1022,2653,0.3,/blog,twitter,social,mobile,536,951,102
2025-09-25,1056,985,2796,0.26,/contact,twitter,cpc,tablet,480,1016,157
2025-09-26,1082,920,2262,0.31,/blog,twitter,cpc,mobile,610,993,131
2025-09-27,970,750,2180,0.3,/contact,direct,(none),mobile,336,1006,130
2025-09-28,964,568,1728,0.35,/about,facebook,organic,tablet,355,1015,181
2025-09-29,675,761,2438,0.34,/home,google,social,tablet,536,670,142
2025-09-30,1071,796,2575,0.3,/about,bing,cpc,tablet,657,749,106
2025-10-01,1125,895,2985,0.28,/home,facebook,cpc,mobile,648,1127,100
2025-10-02,1101,902,2311,0.4,/home,direct,social,mobile,496,972,160
2025-10-03,1170,921,2960,0.32,/blog,facebook,organic,tablet,372,1122,113
2025-10-04,973,915,2405,0.35,/about,facebook,(none),tablet,358,914,151
2025-10-05,758,697,1643,0.27,/contact,direct,cpc,tablet,539,696,195
2025-10-06,827,582,2246,0.32,/about,twitter,(none),mobile,301,803,105
2025-10-07,919,767,2617,0.25,/blog,twitter,referral,mobile,659,936,109
2025-10-08,1138,889,2170,0.33,/home,google,organic,desktop,487,972,170
2025-10-09,1266,807,2556,0.39,/blog,google,referral,mobile,606,953,189
2025-10-10,1279,965,3321,0.31,/product,twitter,referral,mobile,329,977,197
2025-10-11,826,767,1813,0.26,/product,bing,referral,mobile,566,1008,129
2025-10-12,1030,794,2654,0.25,/contact,facebook,organic,tablet,407,590,199
2025-10-13,627,821,2352,0.31,/blog,bing,organic,mobile,631,656,120
2025-10-14,946,905,2634,0.27,/contact,facebook,social,tablet,389,946,159
2025-10-15,1188,986,2782,0.25,/contact,twitter,(none),desktop,504,1062,180
2025-10-16,1227,917,2800,0.36,/product,google,(none),desktop,678,1152,196
2025-10-17,1056,1188,3087,0.32,/contact,google,social,tablet,680,919,173
2025-10-18,926,800,2299,0.29,/product,bing,social,tablet,519,1001,162
2025-10-19,766,676,1923,0.39,/home,google,referral,tablet,677,705,141
2025-10-20,765,738,2213,0.27,/blog,twitter,social,mobile,393,835,150
2025-10-21,1050,828,2876,0.39,/contact,bing,cpc,desktop,402,880,163
2025-10-22,1168,994,2660,0.3,/product,facebook,(none),tablet,522,983,175
2025-10-23,1130,940,2413,0.38,/about,google,social,mobile,485,1157,155
2025-10-24,1205,871,2777,0.34,/contact,direct,cpc,desktop,483,990,179
2025-10-25,974,755,2000,0.37,/home,google,cpc,mobile,461,721,140
2025-10-26,896,657,1606,0.4,/home,facebook,cpc,desktop,546,813,131
2025-10-27,888,631,2071,0.29,/about,bing,cpc,mobile,330,777,114
2025-10-28,885,868,2268,0.39,/product,facebook,referral,desktop,351,657,161
2025-10-29,1079,940,3176,0.31,/contact,direct,cpc,desktop,644,909,126
2025-10-30,1274,1210,2965,0.31,/product,twitter,referral,mobile,375,1166,127
2025-10-31,1173,693,2497,0.3,/home,google,referral,tablet,684,798,180
2025-11-01,938,931,3416,0.33,/product,bing,cpc,desktop,577,950,163
2025-11-02,825,823,2256,0.27,/home,twitter,(none),tablet,339,698,158
2025-11-03,955,543,2188,0.33,/product,facebook,cpc,mobile,400,907,157
2025-11-04,912,829,2294,0.33,/about,bing,cpc,tablet,410,910,101
2025-11-05,1192,964,2169,0.36,/blog,twitter,cpc,tablet,684,936,135
2025-11-06,1178,913,3598,0.38,/about,bing,(none),tablet,620,1141,170
2025-11-07,1088,839,2973,0.32,/about,direct,organic,tablet,548,1029,112
2025-11-08,1047,663,1699,0.3,/blog,direct,organic,tablet,490,812,114
2025-11-09,894,880,1782,0.29,/blog,google,referral,desktop,481,940,188
2025-11-10,910,795,2056,0.28,/contact,google,referral,desktop,634,628,186
2025-11-11,1105,969,2313,0.26,/contact,direct,(none),desktop,508,687,159
2025-11-12,1142,1028,2730,0.3,/about,bing,social,mobile,321,1184,121
2025-11-13,1267,881,2273,0.29,/about,direct,organic,tablet,465,1042,162
2025-11-14,1076,856,2392,0.39,/home,google,referral,desktop,398,948,189
2025-11-15,966,853,2557,0.33,/home,direct,organic,mobile,507,840,196
2025-11-16,798,580,2065,0.3,/contact,direct,(none),desktop,307,713,174
2025-11-17,840,739,2106,0.34,/contact,bing,(none),desktop,489,657,173
2025-11-18,1038,810,2360,0.27,/home,twitter,social,tablet,474,755,124
2025-11-19,1060,891,3100,0.32,/home,google,social,mobile,572,999,147
2025-11-20,1407,1089,2733,0.34,/product,bing,(none),tablet,316,1079,142
2025-11-21,1003,949,2612,0.32,/product,direct,referral,tablet,389,1080,137
2025-11-22,809,787,2114,0.31,/home,direct,organic,desktop,440,894,140
2025-11-23,925,769,2104,0.4,/product,twitter,cpc,tablet,444,638,144
2025-11-24,912,612,2041,0.38,/blog,google,social,mobile,465,765,187
2025-11-25,1044,836,2491,0.34,/contact,google,cpc,tablet,636,828,139
2025-11-26,1207,972,3005,0.34,/contact,facebook,referral,tablet,377,938,196
2025-11-27,1196,979,2942,0.34,/home,google,social,tablet,561,1177,116
2025-11-28,1011,961,3026,0.28,/about,twitter,cpc,desktop,462,1032,187
2025-11-29,935,690,2353,0.31,/home,facebook,referral,mobile,665,836,156
2025-11-30,741,747,1588,0.26,/product,facebook,organic,desktop,313,682,101
2025-12-01,932,709,1837,0.32,/about,direct,referral,desktop,538,651,195
2025-12-02,971,827,3008,0.33,/product,direct,social,desktop,371,1062,161
2025-12-03,1064,1099,2773,0.28,/blog,google,(none),desktop,442,1087,187
2025-12-04,1165,906,4075,0.39,/product,facebook,organic,desktop,609,1025,108
2025-12-05,1139,811,2887,0.39,/blog,direct,cpc,mobile,582,973,167
2025-12-06,868,623,2057,0.36,/blog,twitter,social,tablet,568,907,180
2025-12-07,725,715,2372,0.33,/product,direct,(none),desktop,540,712,116
2025-12-08,861,636,2003,0.38,/product,direct,referral,desktop,544,887,149
2025-12-09,1013,948,2066,0.27,/blog,facebook,(none),mobile,462,735,193
2025-12-10,1099,800,2255,0.37,/about,facebook,social,mobile,359,838,139
2025-12-11,1149,1177,3813,0.27,/blog,bing,social,tablet,305,1048,157
2025-12-12,1118,971,2822,0.37,/contact,twitter,(none),mobile,496,993,174
2025-12-13,776,780,2171,0.29,/blog,facebook,referral,tablet,357,549,184
2025-12-14,666,602,2155,0.38,/about,google,(none),desktop,604,650,120
2025-12-15,766,731,2185,0.39,/contact,twitter,social,desktop,516,678,117
2025-12-16,971,842,2031,0.27,/home,twitter,social,tablet,325,779,154
2025-12-17,1183,1020,3207,0.32,/home,facebook,cpc,mobile,602,983,128
2025-12-18,1343,1008,3349,0.4,/about,twitter,cpc,tablet,304,1084,123
2025-12-19,1177,889,2952,0.32,/blog,facebook,organic,mobile,319,938,173
2025-12-20,902,712,2487,0.38,/product,direct,social,desktop,689,744,116
2025-12-21,804,672,1975,0.34,/about,bing,cpc,mobile,497,611,117
2025-12-22,740,708,2175,0.31,/contact,direct,(none),tablet,358,910,141
2025-12-23,994,706,2392,0.29,/contact,facebook,referral,tablet,541,906,183
2025-12-24,1125,885,3032,0.28,/home,facebook,(none),desktop,445,774,144
2025-12-25,1227,1117,2165,0.36,/contact,direct,referral,mobile,687,960,181
2025-12-26,1006,907,3732,0.31,/about,google,cpc,mobile,572,1030,116
2025-12-27,966,732,1931,0.33,/contact,google,organic,mobile,548,904,172
2025-12-28,958,654,1732,0.32,/about,google,(none),desktop,313,770,113
2025-12-29,832,758,1931,0.34,/product,facebook,(none),mobile,312,723,148
2025-12-30,1039,823,2337,0.38,/home,twitter,(none),tablet,690,688,128
2025-12-31,1225,866,2340,0.4,/contact,facebook,referral,mobile,683,1072,194
